"id","iata","icao","name"
3,"1T",RNX,"1Time Airline"
10,Q5,MLA,"40-Mile Air"
13,AN,AAA,Ansett Australia
14,"1B","",Abacus International
21,ZI,AAF,Aigle Azur
22,AQ,AAH,Aloha Airlines
24,AA,AAL,American Airlines
28,OZ,AAR,Asiana Airlines
29,"4K",AAS,Askari Aviation
32,"8U",AAW,Afriqiyah Airways
35,G4,AAY,Allegiant Air
42,M3,TUS,ABSA - Aerolinhas Brasileiras
55,"8V",ACP,Astral Aviation
68,"8T","",Air Tindi
72,ZY,ADE,Ada Air
83,JP,ADR,Adria Airways
90,UX,AEA,Air Europa
93,EM,AEB,Aero Benin
96,A3,AEE,Aegean Airlines
106,PE,AEL,Air Europe
109,KO,AER,Alaska Central Express
112,"5W",AEU,Astraeus
114,VV,AEW,Aerosvit Airlines
116,I9,AEY,Air Italy
120,QQ,UTY,Alliance Airlines
125,FG,AFG,Ariana Afghan Airlines
130,SU,AFL,Aeroflot Russian Airlines
132,JA,BON,Air Bosna
137,AF,AFR,Air France
139,SB,ACI,Air Caledonie International
146,"2O","",Air Salone
149,"2Q",SNC,Air Cargo Carriers
153,SW,NMB,Air Namibia
165,"5D",SLI,Aerolitoral
174,"7T",AGV,Air Glaciers
179,PL,PLI,Aeroper
180,"8A",BMM,Atlas Blue
197,J2,AHY,Azerbaijan Airlines
198,U3,AIA,Avies
208,ED,ABQ,Airblue
214,AB,BER,Air Berlin
218,AI,AIC,Air India Limited
220,ZB,BUB,Air Bourbon
221,CC,ABD,Air Atlanta Icelandic
225,TN,THT,Air Tahiti Nui
231,IZ,AIZ,Arkia Israel Airlines
239,JM,AJM,Air Jamaica
240,AP,ADH,Air One
241,S2,RSH,Air Sahara
242,KM,AMC,Air Malta
250,NQ,AJX,Air Japan
263,"4A",AKL,Air Kiribati
281,HP,AWE,America West Airlines
282,ZW,AWI,Air Wisconsin
286,U9,TAK,Tatarstan Airlines
299,VD,"",Air Libert
306,QM,AML,Air Malawi
312,BM,"",Air Sicilia
316,NX,AMU,Air Macau
319,HM,SEY,Air Seychelles
321,AM,AMX,AeroMéxico
324,NH,ANA,All Nippon Airways
327,YW,ANE,Air Nostrum
328,PX,ANG,Air Niugini
329,G9,ABY,Air Arabia
330,AC,ACA,Air Canada
333,BT,BTI,Air Baltic
336,EL,ANK,Air Nippon
338,TL,ANO,Airnorth
341,"4N",ANT,Air North Charter - Canada
345,NZ,ANZ,Air New Zealand
371,XM,SMX,Alitalia Express
386,GV,ARF,Aero Flight
397,JW,APW,Arrow Air
410,"2B",ARD,Aerocondor
411,"4C",ARE,Aires
412,AR,ARG,Aerolineas Argentinas
439,AS,ASA,Alaska Airlines
442,"4D",ASD,Air Sinai
452,EV,ASQ,Atlantic Southeast Airlines
462,OB,ASZ,Astrakhan Airlines
465,TC,ATC,Air Tanzania
470,"2J",VBW,Air Burkina
476,FO,ATM,Airlines Of Tasmania
477,PJ,SPM,Air Saint Pierre
491,OS,AUA,Austrian Airlines
493,IQ,AUB,Augsburg Airways
502,MO,AUH,Abu Dhabi Amiri Flight
503,"5N",AUL,Aeroflot-Nord
508,GR,AUR,Aurigny Air Services
510,AU,AUT,Austral Lineas Aereas
515,AV,AVA,Avianca - Aerovias Nacionales de Colombia
524,NF,AVN,Air Vanuatu
543,B9,BGD,Air Bangladesh
547,DR,BIE,Air Mediterranee
563,"7E",AWU,Aeroline GmbH
565,"6G",AWW,Air Wales
567,TX,FWI,Air Caraïbes
569,IX,AXB,Air India Express
575,XT,AXL,Air Exel
576,AK,AXM,AirAsia
595,"3G",AYZ,Atlant-Soyuz Airlines
596,AZ,AZA,Alitalia
603,Z8,AZN,Amaszonas
608,UM,AZW,Air Zimbabwe
622,R7,OCA,Aserca Airlines
641,FV,SDM,Rossiya-Russian Airlines
659,MQ,EGF,American Eagle Airlines
682,VU,VUN,Air Ivoire
683,BP,BOT,Air Botswana
690,GS,UPA,Air Foyle
692,VT,VTA,Air Tahiti
695,VL,VIM,Air VIA
715,FK,WTA,Africa West
724,V8,VAS,ATRAN Cargo Airlines
751,CA,CCA,Air China
753,Q6,CDP,Aero Condor Peru
787,CV,CVA,Air Chathams
788,CW,CWM,Air Marshall Islands
792,ZA,CYD,Access Air
794,AH,DAH,Air Algerie
800,KI,DHI,Adam Air
807,EN,DLA,Air Dolomiti
816,D9,DNV,Aeroflot-Don
817,NM,DRD,Air Madrid
837,EI,EIN,Aer Lingus
876,OF,FIF,Air Finland
879,FJ,FJI,Air Pacific
881,RC,FLI,Atlantic Airways
882,QH,FLZ,Air Florida
896,NY,FXI,Air Iceland
897,"2P",GAP,Air Philippines
909,"2U",GIP,Air Guinee Express
921,GL,GRL,Air Greenland
928,"5Y",GTI,Atlas Air
931,GG,GUY,Air Guyane
970,W9,JAB,Air Bagan
983,QK,JZA,Air Canada Jazz
995,KK,KKK,Atlasjet
998,JS,KOR,Air Koryo
1006,KC,KZR,Air Astana
1008,LV,LBC,Albanian Airlines
1034,XL,LNE,Aerolane
1048,TD,LUR,Atlantis European Airways
1052,LK,LXR,Air Luxor
1057,MK,MAU,Air Mauritius
1066,MD,MDG,Air Madagascar
1073,"9U",MLD,Air Moldova
1087,A7,MPD,Air Plus Comet
1109,"8D","",Astair
1116,AJ,NIG,Aero Contractors
1143,OT,PEL,Aeropelican Air Services
1188,RE,REA,Aer Arann
1191,UU,REU,Air Austral
1200,"6K",RIT,Asian Spirit
1202,RK,RKA,Air Afrique
1203,A5,RLA,Airlinair
1206,QL,RLN,Aero Lanka
1213,"20",RNE,Air Salone
1216,U8,RNV,Armavia
1224,P5,RPB,AeroRep
1230,BF,RSR,Aero-Service
1231,"5L",RSU,Aerosur
1266,Z3,SMJ,Avient Aviation
1287,R3,SYL,Aircompany Yakutia
1290,VW,TAO,Aeromar
1299,OR,TFL,Arkefly
1308,CG,TOK,Airlines PNG
1316,FL,TRS,AirTran Airways
1317,TS,TSC,Air Transat
1322,EC,TWN,Avialeasing Aviation Company
1326,VO,TYR,Tyrolean Airways
1338,"2K",GLG,Aerolineas Galapagos (Aerogal)
1340,"6R",DRU,Alrosa Mirny Air Enterprise
1355,BA,BAW,British Airways
1359,BG,BBC,Biman Bangladesh Airlines
1401,"4T",BHP,Belair Airlines
1403,UP,BHS,Bahamasair
1406,LZ,"",Balkan Bulgarian Airlines
1411,BS,BIH,British International Helicopters
1422,PG,BKP,Bangkok Airways
1427,KF,BLF,Blue1
1434,JV,BLS,Bearskin Lake Air Service
1436,B3,BLV,Bellview Airlines
1437,BD,BMA,bmi
1441,WW,BMI,bmibaby
1442,CH,BMJ,Bemidji Airlines
1463,BV,BPA,Blue Panorama Airlines
1472,"8E",BRG,Bering Air
1478,B2,BRU,Belavia Belarusian Airlines
1500,"7P",BTV,Metro Batavia
1508,J8,BVT,Berjaya Air
1510,QW,BWG,Blue Wings
1523,DB,BZH,Brit Air
1531,SN,DAT,Brussels Airlines
1539,NT,IBB,Binter Canarias
1542,"0B",JOR,Blue Air
1543,KJ,LAJ,British Mediterranean Airways
1548,FB,LZB,Bulgaria Air
1550,"8N",NKF,Barents AirLink
1581,"5C",ICL,CAL Cargo Air Lines
1607,XG,CLI,Calima Aviacion
1615,CP,CDN,Canadian Airlines
1623,"5T",MPE,Canadian North
1629,"9K",KAP,Cape Air
1663,BW,BWA,Caribbean Airlines
1669,V3,KRP,Carpatair
1675,RV,CPN,Caspian Airlines
1680,CX,CPA,Cathay Pacific
1682,KX,CAY,Cayman Airways
1683,"5J",CEB,Cebu Pacific
1708,C0,CLW,Centralwings
1739,RP,CHQ,Chautauqua Airlines
1756,CI,CAL,China Airlines
1758,MU,CES,China Eastern Airlines
1767,CZ,CSN,China Southern Airlines
1769,HR,CUA,China United Airlines
1771,"3Q",CYH,Yunnan Airlines
1781,QI,CIM,Cimber Air
1784,C9,RUS,Cirrus Airlines
1789,CF,SDR,City Airline
1790,G3,CIX,City Connexion Airlines
1792,WX,BCY,CityJet
1795,CJ,CFE,BA CityFlyer
1814,DQ,"",Coastal Air
1821,"9L",CJC,Colgan Air
1828,OH,COM,Comair
1829,MN,CAW,Comair
1843,C5,UCA,CommutAir
1844,KR,CWK,Comores Airlines
1860,CP,CPZ,Compass Airlines
1868,DE,CFG,Condor Flugdienst
1876,"6A",CHP,Consorcio Aviaxsa
1879,C3,KIS,Contact Air
1881,CO,COA,Continental Airlines
1883,CO,"",Continental Express
1884,CS,CMI,Continental Micronesia
1886,V0,VCV,Conviasa
1889,CM,CMP,Copa Airlines
1908,SS,CRL,Corsairfly
1909,XK,CCM,Corse-Mediterranee
1925,OU,CTN,Croatia Airlines
1936,CU,CUB,Cubana de Aviación
1942,CY,CYP,Cyprus Airways
1943,YK,"",Cyprus Turkish Airlines
1946,OK,CSA,Czech Airlines
1954,DX,DTR,DAT Danish Air Transport
1966,D3,DAO,Daallo Airlines
1973,H8,KHB,Dalavia
1983,"0D",DWT,Darwin Airline
2009,DL,DAL,Delta Air Lines
2021,"2A","",Deutsche Bahn
2041,D8,DJB,Djibouti Airlines
2047,DO,DOA,Dominicana de Aviaci
2048,E3,DMO,Domodedovo Airlines
2051,"5D",UDC,DonbassAero
2056,KA,HDA,Dragonair
2058,KB,DRK,Druk Air
2077,DI,BAG,dba
2091,BR,EVA,EVA Air
2094,H7,"",Eagle Air
2104,QU,UGX,East African
2117,T3,EZE,Eastern Airways
2125,DK,ELA,Eastland Air
2138,WK,EDW,Edelweiss Air
2143,MS,MSR,Egyptair
2150,LY,ELY,El Al Israel Airlines
2155,UZ,BRQ,El-Buraq Air Transport
2183,EK,UAE,Emirates
2193,EU,EEA,Empresa Ecuatoriana De Aviacion
2213,B8,ERT,Eritrean Airlines
2218,OV,ELL,Estonian Air
2220,ET,ETH,Ethiopian Airlines
2222,EY,ETD,Etihad Airways
2226,RZ,"",Euro Exec Express
2237,UI,ECA,Eurocypria Airlines
2239,GJ,EEU,Eurofly Service
2245,K2,ELO,Eurolot
2251,EA,EAL,European Air Express
2260,EW,EWG,Eurowings
2261,EZ,EIA,Evergreen International Airlines
2264,JN,XLA,Excel Airways
2293,EO,LHN,Express One International
2295,XE,BTA,ExpressJet
2297,U2,EZY,easyJet
2324,EF,EFA,Far Eastern Air Transport
2350,AY,FIN,Finnair
2351,FC,WBA,Finncomm Airlines
2353,FY,FFM,Firefly
2354,"7F",FAB,First Air
2357,DP,FCA,First Choice Airways
2395,B5,FLT,Flightline
2404,RF,FWL,Florida West International Airways
2417,D7,XAX,AirAsia X
2418,TE,LIL,FlyLal
2419,LF,NDC,FlyNordic
2420,F7,BBO,Flybaboo
2421,BE,BEE,Flybe
2425,B4,GSM,Flyglobespan
2439,VY,FOS,Formosa Airlines
2454,FP,FRE,Freedom Air
2468,F9,FFT,Frontier Airlines
2470,"2F",FTA,Frontier Flying Service
2486,GT,GBL,GB Airways
2520,GA,GIA,Garuda Indonesia
2524,"4G",GZP,Gazpromavia
2538,A9,TGZ,Georgian Airways
2541,QB,GFG,Georgian National Airlines
2547,ST,GMI,Germania
2548,"4U",GWI,Germanwings
2556,G0,GHB,Ghana International Airlines
2575,G8,GOW,Go Air
2577,G7,GJS,GoJet Airlines
2581,G3,GLO,Gol Transportes Aéreos
2585,DC,GAO,Golden Air
2607,ZK,GLA,Great Lakes Airlines
2622,TA,TAT,Grupo TACA
2638,GF,GBA,Gulf Air Bahrain
2657,H6,HAG,Hageland Aviation Services
2660,HU,CHH,Hainan Airlines
2663,"2T",HAM,Haiti Ambassador Airlines
2674,"4R",HHI,Hamburg International
2681,X3,HLX,TUIfly
2682,HF,HLF,Hapagfly
2688,HA,HAL,Hawaiian Airlines
2692,BH,"",Hawkair
2704,"8H",HFR,Heli France
2731,JB,JBA,Helijet
2747,T4,HEJ,Hellas Jet
2748,HW,FHE,Hello
2750,"2L",OAW,Helvetic Airways
2757,UD,HER,Hex'Air
2765,HD,ADO,Hokkaido International Airlines
2773,HX,CRK,Hong Kong Airlines
2774,UO,HKE,Hong Kong Express Airways
2778,QX,QXE,Horizon Air
2782,BN,HZA,Horizon Airlines
2822,IB,IBE,Iberia Airlines
2825,TY,IWD,Iberworld
2826,FW,IBX,Ibex Airlines
2835,FI,ICE,Icelandair
2845,IK,ITX,Imair Airlines
2850,"6E",IGO,IndiGo Airlines
2853,IC,IAC,Indian Airlines
2855,I9,IBU,Indigo
2857,QZ,AWQ,Indonesia AirAsia
2858,IO,IAA,Indonesian Airlines
2881,D6,ILN,Interair South Africa
2883,ZA,SUW,Interavia Airlines
2896,ID,ITK,Interlink Airlines
2916,"3L",ISK,Intersky
2922,IR,IRA,Iran Air
2923,EP,IRC,Iran Aseman Airlines
2926,IA,IAW,Iraqi Airways
2937,IS,"",Island Airlines
2942,"8L",CGP,Cargo Plus Aviation
2948,IF,ISW,Islas Airways
2950,WC,ISV,Islena De Inversiones
2954,"6H",ISR,Israir
2958,GI,IKA,Itek Air
2969,JC,JEX,JAL Express
2970,JO,JAZ,JALways
2987,JL,JAL,Japan Airlines
2988,JL,JAL,Japan Airlines Domestic
2989,EG,JAA,Japan Asia Airways
2990,NU,JTA,Japan Transocean Air
2993,J9,JZR,Jazeera Airways
2994,"7C",JJA,Jeju Air
3000,"9W",JAI,Jet Airways
3001,QJ,"",Jet Airways
3021,"3K",JSA,Jetstar Asia Airways
3026,LS,EXS,Jet2.com
3027,"8J",JFU,Jet4You
3029,B6,JBU,JetBlue Airways
3032,JF,JAF,Jetairfly
3052,JQ,JST,Jetstar Airways
3081,HO,DKH,Juneyao Airlines
3087,KD,KNI,KD Avia
3088,WA,KLC,KLM Cityhopper
3090,KL,KLM,KLM Royal Dutch Airlines
3097,RQ,KMF,Kam Air
3110,KV,MVD,Kavminvodyavia
3123,M5,KEN,Kenmore Air
3126,KQ,KQA,Kenya Airways
3142,IT,KFR,Kingfisher Airlines
3148,Y9,IRK,Kish Air
3157,"7K",KGL,Kogalymavia Air Company
3163,KE,KAL,Korean Air
3168,"7B",KJC,Krasnojarsky Airlines
3175,GW,KIL,Kuban Airlines
3179,KU,KAC,Kuwait Airways
3180,GO,KZU,Kuzu Airlines Cargo
3197,LR,LRC,LACSA
3200,LA,LAN,LAN Airlines
3201,"4M",DSM,LAN Argentina
3204,LU,LXP,LAN Express
3205,LP,LPE,LAN Peru
3210,LO,LOT,LOT Polish Airlines
3211,XO,LTE,LTE International Airways
3212,L3,LTO,LTU Austria
3233,QV,LAO,Lao Airlines
3239,NG,LDA,Lauda Air
3251,LI,LIA,Leeward Islands Air Transport
3258,LN,LAA,Libyan Arab Airlines
3287,LM,LAM,Linhas A
3290,JT,LNI,Lion Mentari Airlines
3319,HE,LGW,Luftfahrtgesellschaft Walter
3320,LH,DLH,Lufthansa
3321,LH,GEC,Lufthansa Cargo
3322,CL,CLH,Lufthansa CityLine
3326,L5,LTR,Lufttransport
3329,LG,LGL,Luxair
3342,MJ,LPR,L
3349,M7,MAA,MasAir
3350,IN,MAK,MAT Macedonian Airlines
3354,OM,MGL,MIAT Mongolian Airlines
3357,MB,MNB,MNG Airlines
3363,CC,MCK,Macair Airlines
3366,DM,"",Maersk
3370,W5,IRM,Mahan Air
3378,MH,MAS,Malaysia Airlines
3386,TF,SCW,Malmö Aviation
3387,R5,MAC,Malta Air Charter
3389,MA,MAH,Malév
3391,RI,MDL,Mandala Airlines
3392,AE,MDA,Mandarin Airlines
3393,JE,MNO,Mango
3411,MP,MPH,Martinair
3432,"8M",MXL,Maxair
3437,MW,MYD,Maya Island Air
3463,IG,ISS,Meridiana
3465,MZ,MNA,Merpati Nusantara Airlines
3466,YV,ASH,Mesa Airlines
3467,XJ,MES,Mesaba Airlines
3479,MX,MXA,Mexicana de Aviaci
3490,ME,MEA,Middle East Airlines
3494,JI,MDW,Midway Airlines
3497,YX,MEP,Midwest Airlines
3498,MY,MWA,Midwest Airlines (Egypt)
3529,"2M",MDV,Moldavian Airlines
3532,ZB,MON,Monarch Airlines
3534,"8I","",Myway Airlines
3539,YM,MGX,Montenegro Airlines
3545,"3R",GAI,Moskovia Airlines
3547,M9,MSI,Motor Sich
3568,VZ,MYT,MyTravel Airways
3569,UB,UBA,Myanma Airways
3570,"8M",MMM,Myanmar Airways International
3589,UE,NAS,Nasair
3608,NC,NJS,National Jet Systems
3613,CE,NTW,Nationwide Airlines
3618,ON,RON,Nauru Air Corporation
3637,RA,RNA,Nepal Airlines
3641,"1I",EJA,NetJets
3644,EJ,NEA,New England Airlines
3652,"2N",NTJ,NextJet
3661,HG,NLY,Niki
3674,DD,NOK,Nok Air
3721,U7,"",Northern Dene Airways
3731,NW,NWA,Northwest Airlines
3734,J3,PLR,Northwestern Air
3737,DY,NAX,Norwegian Air Shuttle
3740,BJ,LBT,Nouvel Air Tunisie
3743,"1I",NVR,Novair
3754,XY,KNE,Nas Air
3759,O8,OHK,Oasis Hong Kong Airlines
3764,O6,ONE,Oceanair
3765,O2,"",Oceanic Airlines
3776,OA,OAL,Olympic Airlines
3778,WY,OMA,Oman Air
3781,OY,OAE,Omni Air International
3788,"8Q",OHY,Onur Air
3805,R2,ORB,Orenburg Airlines
3811,OX,OEA,Orient Thai Airlines
3814,QO,OGN,Origin Pacific Airways
3822,OL,OLT,Ostfriesische Lufttransport
3826,OJ,OLA,Overland Airways
3831,O7,OZJ,Ozjet Airlines
3834,PV,PNR,PAN Air
3835,"9Q",PBA,PB Air
3839,PU,PUA,PLUNA
3840,U4,PMT,PMTair
3850,BL,PIC,Jetstar Pacific
3856,"8P",PCO,Pacific Coastal Airline
3857,Q8,PEC,Pacific East Asia Cargo Airlines
3865,LW,NMI,Pacific Wings
3871,PK,PIA,Pakistan International Airlines
3907,I7,PMW,Paramount Airways
3926,PC,PGT,Pegasus Airlines
3935,KS,PEN,Peninsula Airways
3952,PR,PAL,Philippine Airlines
3969,PI,PDT,Piedmont Airlines (1948-1989)
3976,"9E",FLG,Pinnacle Airlines
4013,PH,PAO,Polynesian Airlines
4021,PD,POE,Porter Airlines
4022,NI,PGA,Portugalia
4026,BK,PDC,Potomac Air
4031,PW,PRF,Precision Air
4066,P0,"",Proflight Commuter Services
4089,QF,QFA,Qantas
4091,QR,QTR,Qatar Airways
4106,R6,"",RACSA
4177,FN,"",Regional Airlines
4178,ZL,RXA,Regional Express
4187,RW,RPA,Republic Airlines
4188,RH,RPH,Republic Express Airlines
4232,R4,"",Rossiya
4234,GZ,RAR,Air Rarotonga
4248,AT,RAM,Royal Air Maroc
4255,BI,RBA,Royal Brunei Airlines
4259,RJ,RJA,Royal Jordanian
4264,RA,RNA,Royal Nepal Airlines
4292,WB,RWD,Rwandair Express
4295,RD,RYN,Ryan International Airlines
4296,FR,RYR,Ryanair
4299,YS,RAE,Régional
4304,S4,RZO,SATA International
4305,SA,SAA,South African Airways
4311,NL,SAI,Shaheen Air International
4319,SK,SAS,Scandinavian Airlines System
4329,S7,SBI,S7 Airlines
4335,BB,SBS,Seaborne Airlines
4349,UL,ALK,SriLankan Airlines
4356,SY,SCX,Sun Country Airlines
4374,G3,SEH,Sky Express
4375,SG,SEJ,Spicejet
4388,"7G",SFJ,Star Flyer
4411,N5,SGY,Skagway Air Service
4429,SP,SAT,SATA Air Acores
4435,SQ,SIA,Singapore Airlines
4436,"5M",SIB,Sibaviatrans
4438,SI,SIH,Skynet Airlines
4454,SJ,SJY,Sriwijaya Air
4455,ZS,SMY,Sama Airlines
4464,SQ,SQC,Singapore Airlines Cargo
4469,FT,SRH,Siem Reap Airways
4475,DG,SRQ,South East Asian Airlines
4496,"5G",SSV,Skyservice Airlines
4513,FS,STU,Servicios de Transportes A
4521,SD,SUD,Sudan Airways
4533,SV,SVA,Saudi Arabian Airlines
4547,WN,SWA,Southwest Airlines
4550,A4,SWD,Southern Winds Airlines
4559,LX,SWR,Swiss International Air Lines
4560,SR,SWR,Swissair
4564,WV,SWV,Swe Fly
4573,XQ,SXS,SunExpress
4586,RB,SYR,Syrian Arab Airlines
4589,AL,SYX,Skywalk Airlines
4599,SC,CDG,Shandong Airlines
4607,"9S",CQH,Spring Airlines
4608,"3U",CSC,Sichuan Airlines
4609,FM,CSH,Shanghai Airlines
4611,ZH,CSZ,Shenzhen Airlines
4619,"7L",ERO,Sun D'Or
4620,NE,ESK,SkyEurope
4652,JK,JKK,Spanair
4687,NK,NKS,Spirit Airlines
4691,"9R",NSE,SATENA
4735,S3,BBR,Santa Barbara Airlines
4737,H2,SKU,Sky Airline
4738,OO,SKW,SkyWest
4739,JZ,SKX,Skyways Express
4740,BC,SKY,Skymark Airlines
4750,MI,SLK,SilkAir
4752,PY,SLM,Surinam Airways
4776,NB,SNB,Sterling Airlines
4781,"6J",SNJ,Skynet Asia Airways
4797,IE,SOL,Solomon Airlines
4805,"6W",SOV,Saratov Aviation Division
4808,HZ,SOZ,Sat Airlines
4822,S5,TCF,Shuttle America
4840,DV,VSV,Scat Air
4863,EQ,TAE,TAME
4867,JJ,TAM,TAM Brazilian Airlines
4869,TP,TAP,TAP Portugal
4870,TU,TAR,Tunisair
4889,T2,TCG,Thai Air Cargo
4896,FQ,TCW,Thomas Cook Airlines
4897,MT,TCX,Thomas Cook Airlines
4936,TR,TGW,Tiger Airways
4937,TT,TGW,Tiger Airways Australia
4940,TG,THA,Thai Airways International
4947,FD,AIQ,Thai AirAsia
4951,TK,THY,Turkish Airlines
4965,T7,TJT,Twin Jet
4981,TL,TMA,Trans Mediterranean Airlines
5002,"3P",TNM,Tiara Air
5013,BY,TOM,Thomsonfly
5016,PM,TOS,Tropic Air
5020,QT,TPA,TAMPA
5038,GE,TNA,TransAsia Airways
5039,HV,TRA,Transavia Holland
5041,VR,TCV,TACV
5064,"9T",ABS,Transwest Air
5067,UN,TSO,Transaero Airlines
5083,T5,TUA,Turkmenistan Airlines
5085,UG,TUI,Tuninter
5097,QS,TVS,Travel Service
5122,"6B",BLX,TUIfly Nordic
5133,DT,DTA,TAAG Angola Airlines
5156,PZ,LAP,TAM Mercosur
5160,AX,LOF,Trans States Airlines
5179,RO,ROT,Tarom
5187,"3T",URN,Turan Air
5188,"8R",TIB,TRIP Linhas A
5207,U5,GWY,USA3000 Airlines
5209,UA,UAL,United Airlines
5234,U6,SVR,Ural Airlines
5251,UF,UKM,UM Airlines
5265,US,USA,US Airways
5271,UT,UTA,UTair Aviation
5281,HY,UZB,Uzbekistan Airways
5282,PS,AUI,Ukraine International Airlines
5284,UH,"",US Helicopter Corporation
5297,VF,VLU,Valuair
5309,VN,HVN,Vietnam Airlines
5311,NN,MOV,VIM Airlines
5325,Y4,VOI,Volaris
5326,VI,VDA,Volga-Dnepr Airlines
5331,VX,VRD,Virgin America
5333,TV,VEX,Virgin Express
5335,VK,VGN,Virgin Nigeria Airways
5347,VS,VIR,Virgin Atlantic Airways
5350,ZG,VVM,Viva Macau
5351,VE,VLE,Volare Airlines
5352,VY,VLG,Vueling Airlines
5353,XF,VLK,Vladivostok Air
5354,LC,VLO,Varig Log
5360,VA,VOZ,Virgin Australia
5368,RG,VRN,VRG Linhas Aereas
5373,VP,VSP,VASP
5383,VG,VLM,VLM Airlines
5397,"7W","",Wayraper
5399,WJ,WEB,WebJet Linhas A
5401,"2W",WLC,Welcome Air
5411,"8O","",West Coast Air
5416,WS,WJA,WestJet
5424,WA,WAL,Western Airlines
5439,WF,WIF,Widerøe
5447,IV,JET,Wind Jet
5451,IW,WON,Wings Air
5461,W6,WZZ,Wizz Air
5462,"8Z",WVL,Wizz Air Hungary
5465,WO,WOA,World Airways
5479,SE,SEU,XL Airways France
5484,MF,CXA,Xiamen Airlines
5492,YL,LLM,Yamal Airlines
5496,IY,IYE,Yemenia
5523,Z4,OOM,Zoom Airlines
5533,N,TYR,Tyrolean Airways
5559,"8Q",N,Maldivian Air Taxi
5584,XW,SXR,Sky Express
5651,VJ,RAC,Royal Air Cambodge
5813,"6T",N,Air Mandalay
5982,BX,ABL,Air Busan
6196,GH,GLP,Globus
6222,"9Y",KZK,Air Kazakhstan
6557,JD,JAS,Japan Air System
6855,DS,N,EasyJet (DS)
8359,"2I",N,Star Peru (2I)
8461,KW,N,Carnival Air Lines
8463,"4H",UBD,United Airways
8576,"5H",FFV,Fly540
8745,TO,TVF,Transavia France
8809,WP,MKU,Island Air (WP)
9082,B7,UIA,Uni Air
9135,YD,N,Gomelavia
9239,WZ,RWZ,Red Wings
9335,"11",N,TUIfly (X3)
9343,FU,FXX,Felix Airways
9344,K1,KOQ,Kostromskie avialinii
9373,XX,GFY,Greenfly
9531,"7J",N,Tajik Air
9541,TM,N,Air Mozambique
9577,--,ELK,ELK Airways
9620,GY,GBK,Gabon Airlines
9656,ML,MAV,Maldivo Airlines
9666,VH,VNP,Virgin Pacific
9764,Z2,N,Zest Air
9784,HK,N,Yangon Airways
9809,ZE,ESR,Eastar Jet
9810,LJ,JNA,Jin Air
9818,"3O",N,Air Arabia Maroc
9825,B1,BA1,Baltic Air lines
9828,YC,YCC,Ciel Canadien
9829,CN,YCP,Canadian National Airways
9833,FA,"4AA",Epic Holiday
9851,"3I",N,Air Comet Chile
10114,L8,LBL,Line Blue
10122,SZ,N,Salzburg arrows
10123,TQ,TXW,Texas Wings
10128,DH,DSY,Dennis Sky
10224,ZZ,N,Zz
10226,A1,A1F,Atifly
10372,"99",N,Ciao Air
10650,"5P",N,Pal airlines
10673,C1,CA1,CanXpress
10674,V5,N,Danube Wings (V5)
10675,SH,SHA,Sharp Airlines
10683,C2,CAP,CanXplorer
10715,QA,N,Click (Mexicana)
10735,W1,WE1,World Experience Airline
10737,J4,N,ALAK
10739,"3E",N,Air Choice One
10741,KN,N,China United
10748,ZQ,LOC,Locair
10758,"4Q",N,Safi Airlines
10765,K5,SQH,SeaPort Airlines
10776,S6,N,Salmon Air
10798,"1",N,Bobb Air Freight
10800,V9,HCW,Star1 Airlines
10845,"6D",N,Pelita
10912,J5,N,Alaska Seaplane Service
10955,I6,MXI,MexicanaLink
10960,IP,ISX,Island Spirit
10969,T0,N,TACA Peru
11731,"7Q",N,Pan Am World Airways Dominicana
11732,PF,N,Primera Air
11741,"3S",N,Air Antilles Express
11755,P7,REP,Regional Paraguaya
11761,V6,N,VIP Ecuador
11763,P9,N,Peruvian Airlines
11767,ЯП,N,Polar Airlines
11794,OC,N,Catovair
11804,"7Z",N,Halcyonair
11805,"4P",N,Business Aviation
11806,E9,N,Compagnie Africaine d\'Aviation
11808,K8,N,Zambia Skyways
11811,UJ,LMU,AlMasria Universal Airlines
11814,"6Y",N,SmartLynx Airlines
11816,K7,KBR,KoralBlue Airlines
11823,E4,GIE,Elysian Airlines
11834,HT,IMP,Hellenic Imperial Airways
11836,WD,AAN,Amsterdam Airlines
11838,Q9,NAK,Arik Niger
11839,DA,N,Dana Air
11840,"8F",STP,STP Airways
11843,"7Y",N,Med Airways
11850,UQ,SJU,Skyjet Airlines
11855,G6,N,Air Volga
11857,RL,RFJ,Royal Falcon
11873,"4L",MJX,Euroline
11947,ZF,N,Athens Airways
11948,VQ,VKH,Viking Hellas
11963,DZ,N,Starline.kz
12960,L7,N,Lugansk Airlines
12961,"6P",N,Gryphon Airlines
12962,GP,GDR,Gadair European Airlines
12965,SM,MNP,Spirit of Manila Airlines
12975,OQ,CQN,Chongqing Airlines
12978,PN,CHB,West Air China
12997,C3,QAX,QatXpress
13076,"1C","1CH",OneChina
13088,Y7,N,NordStar Airlines
13089,JR,JOY,Joy Air
13105,CD,N,Air India Regional
13106,"9H",N,MDLR Airlines
13108,Q2,N,Maldivian
13130,XN,N,Xpressair
13178,VC,N,Strategic Airlines
13190,NA,N,Al-Naser Airlines
13200,JH,N,Fuji Dream Airlines
13218,"5E",N,SGA Airlines
13242,F8,N,Air2there
13254,AO,N,Avianova (Russia)
13303,PA,IPV,Parmiss Airlines (IPV)
13304,ES,EUV,EuropeSky
13306,GB,BZE,BRAZIL AIR
13335,MR,OME,Homer Air
13391,-+,--+,U.S. Air
13394,','\,Jayrow
13397,;;,N,Wilderness Air
13398,^^,N,Whitaker Air
13633,WQ,PQW,PanAm World Airways
13690,YY,VWA,Virginwings
13704,KY,KSY,KSY
13732,BQ,BQB,Buquebus Líneas Aéreas
13734,CQ,KOL,SOCHI AIR
13757,WU,WAU,Wizz Air Ukraine
13781,"47",VVN,"88"
13815,LQ,LMM,LCM AIRLINES
13899,K6,N,Cambodia Angkor Air (K6)
13936,"69",N,Royal European Airlines
13947,&T,T&O,Tom\'s & co airliners
13983,AD,AZU,Azul
14061,PQ,LOO,LSM Airlines
14094,C4,LIX,LionXpress
14118,GK,N,Genesis
14388,XZ,N,Congo Express
14485,FZ,FDB,Fly Dubai
14620,D1,MDO,Domenican Airlines
14849,JY,AXZ,Aereonautica militare
14881,YZ,YZZ,LSM AIRLINES 
15814,UR,N,UTair-Express
15837,G5,N,Huaxia
15867,ZP,ZZZ,Zabaykalskii Airlines
15893,M4,"1QA",Marysya Airlines
15897,N1,N,N1
15930,"4Z",N,Airlink (SAA)
15953,"3B",N,JobAir
15975,BZ,BSA,Black Stallion Airways
15984,GM,GER,German International Air Lines
15985,TB,TBZ,TrasBrasil
15989,TH,THS,TransBrasil Airlines
15999,"9C",N,China SSS
16103,P8,MKG,Air Mekong
16110,H3,N,Harbour Air (Priv)
16116,HH,AHO,Air Hamburg (AHO)
16120,Z6,ZTT,ZABAIKAL AIRLINES
16127,TI,THI,TransHolding
16133,YT,N,Yeti Airways
16135,Y1,N,Yellowstone Club Private Shuttle
16136,NS,N,Caucasus Airlines
16139,S1,SA1,Serbian Airlines
16149,WM,N,Windward Islands Airways
16150,YO,TYS,TransHolding System
16151,CB,CCC,CCML Airlines
16234,F1,FBL,Fly Brasil
16261,"1F",CIF,CB Airways UK ( Interliging Flights )
16262,"3F","3FF",Fly Colombia ( Interliging Flights )
16264,T6,TP6,Trans Pas Air
16273,МИ,N,KMV
16323,HC,HYM,Himalayan Airlines
16327,G1,IG1,Indya Airline Group
16329,WG,N,Sunwing
16359,ZX,ZXY,Japan Regio
16363,N0,N,Norte Lineas Aereas
16364,W7,N,Austral Brasil
16373,H9,N,PEGASUS AIRLINES-
16415,QC,N,Camair-co
16459,RS,SKV,Sky Regional
16507,II,UWW,LSM International 
16508,BU,BUU,Baikotovitchestrian Airlines 
16511,L4,LJJ,Luchsh Airlines 
16585,"6U",N,Air Cargo Germany
16615,"7M",ZTF,Mongolian International Air Lines 
16624,TW,TWB,Tway Airlines
16625,HI,N,Papillon Grand Canyon Helicopters
16628,JX,JSR,Jusur airways
16645,XB,NXB,NEXT Brasil
16660,W4,WER,AeroWorld 
16695,GN,N,GNB Linhas Aereas
16702,E1,ES2,Usa Sky Cargo
16707,HN,HNX,Hankook Airline
16717,Z7,N,REDjet
16720,PT,N,Red Jet Andes
16721,QY,N,Red Jet Canada
16724,"4X",N,Red Jet Mexico
16725,Y8,MRS,Marusya Airways
16726,"7H",ERR,Era Alaska
16728,R8,RRJ,AirRussia
16735,H1,HA1,Hankook Air US
16796,H5,RSY,I-Fly
16837,KT,VKJ,VickJet
16844,XV,N,BVI Airways
16860,SO,SLC,Salsa d\'Haiti
16867,ZJ,N,Zambezi Airlines (ZMA)
16882,YQ,N,Polet Airlines (Priv)
16901,"12",N12,"12 North"
16942,L6,MAI,Mauritania Airlines International
16956,"6F",MKD,MAT Airways
16960,AW,AWM,Asian Wings Airways
16963,E5,RBG,Air Arabia Egypt
16975,CT,N,Alitalia Cityliner
17022,OI,ORC,Orchid Airlines
17023,Y5,AWA,Asia Wings
17082,XR,N,Skywest Australia
17083,NP,NIA,Nile Air
17094,DN,SGG,Senegal Airlines
17095,"6I",N,Fly 6ix
17099,S9,N,Starbow Airlines
17115,"0X",CX0,Copenhagen Express
17408,"8B",BCC,BusinessAir
17519,YR,N,SENIC AIRLINES
17571,C7,CR7,Sky Wing Pacific
17574,PP,AI0,Air Indus
17675,MM,N,Peach Aviation
17750,U1,ABI,Aviabus
17780,DF,MJG,Michael Airlines
17786,ZC,KGO,Korongo Airlines
17794,I5,IDS,Indonesia Sky
17841,B0,"666",Aws express
17859,"76",SJS,Southjet
17860,"77",ZCS,Southjet connect
17862,"78",XAN,Southjet cargo
17881,I2,IBS,Iberia Express
17885,"4O",N,Interjet (ABC Aerolineas)
17889,OG,N,AirOnix
17890,NJ,NGB,Nordic Global Airlines
17891,TZ,SCO,Scoot
17909,"5K",N,Hi Fly (5K)
17911,WH,N,China Northwest Airlines (WH)
17935,ZN,ZNA,Zenith International Airline
17936,O1,OAB,Orbit Airlines Azerbaijan
17989,A6,N,Air Alps Aviation (A6)
18169,P4,N,Patriot Airways
18178,V2,RBY,Vision Airlines (V2)
18232,"5Q",N,BQB Lineas Aereas
18239,YE,YEL,Yellowtail
18241,KG,RAW,Royal Airways
18252,FH,FHI,FlyHigh Airlines Ireland (FH)
18477,"2D",N,Aero VIP (2D)
18497,YH,N,Yangon Airways Ltd.
18529,TJ,TJA,T.J. Air
18543,SX,N,SkyWork Airlines 
18553,W2,N,Maastricht Airlines
18617,"24",N,Euro Jet
18700,Q3,QER,SOCHI AIR CHATER
18702,J7,N,Denim Air 
18732,OD,MXD,Malindo Air
18825,Z9,N,Flightlink Tanzania
18828,I8,N,IzAvia
18930,M1,M1F,Maryland Air
18944,"7I",N,Insel Air (7I/INC) (Priv)
18946,"5Z",VVC,VivaColombia
19016,ZM,IWA,Apache Air
19026,M2,N,MHS Aviation GmbH
19030,NR,JTO,Jettor Airlines
19225,SL,N,Thai Lion Air
19287,N8,NCR,National Air Cargo
19290,"13",EAV,Eastern Atlantic Virtual Airlines
19305,QG,N,Citilink Indonesia
19361,S8,SBD,Snowbird Airlines
19367,KH,KHK,Kharkiv Airlines
19433,XA,XAU,XAIR USA
19451,LB,N,Air Costa
19473,XP,XPT,XPTO
19541,"3W",N,Malawian Airlines
19567,..,...,Avilu
19582,JU,ASL,Air Serbia
19610,LT,LTU,Air Lituanica
19674,RN,RAB,Rainbow Air (RAI)
19675,RY,RAY,Rainbow Air Canada
19676,RX,RPO,Rainbow Air Polynesia
19677,RU,RUE,Rainbow Air Euro
19678,RM,RNY,Rainbow Air US
19751,QD,DOB,Dobrolet
19774,S0,SAL,Spike Airlines
19803,L1,AL1,All Argentina
19804,A2,AL2,All America
19805,L9,AL3,All Asia
19806,"9A","99F",All Africa
19807,N4,J88,Regionalia México
19808,N9,N99,All Europe
19809,N7,N77,All Spain
19810,"9N",N78,Regional Air Iceland
19812,"8K",K88,Voestar
19813,"7O","7KK",All Colombia
19814,"2X","2K2",Regionalia Uruguay
19815,"9X","9XX",Regionalia Venezuela
19827,"9J",CR1,Regionalia Chile
19828,"6C","6CC",Vuela Cuba
19830,"88","8K8",All Australia
19831,ER,RWW,Fly Europa
19834,PO,FPT,FlyPortugal
19886,IJ,SJO,Spring Airlines Japan
19890,KP,DWA,Dense Airways
19891,KZ,DC2,Dense Connection
19908,"4S",VI4,Vuola Italia
19927,"1X",N,Island Express Air
19928,Z0,Z9H,All Argentina Express
19930,WE,N,Thai Smile Airways
19944,I4,N,International AirLink
19963,RT,N,Real Tonga
19970,"2R",M7A,All America AR
19971,"1R",R1R,All America CL
19974,Q4,SAE,SOCHI AIR EXPRESS
19977,"1Y",A9B,All America BR
20004,"9V",VC9,Volotea Costa Rica
20017,X5,OTJ,Fly Romania
20047,E2,N,Eagle Atlantic Airlines
20073,"0Y","7ZC",All America CO
20074,"0M","0MM",All America MX
20110,FX,FOX,FOX Linhas Aereas
20127,QP,N,Air Kenya (Priv)
20144,"6V",CZV,Via Conectia Airlines
20160,E8,GTA,City Airways
20170,DU,NLH,Norwegian Long Haul AS
20207,M8,TNU,TransNusa Air
20218,ZT,T9P,Tomp Airlines
20222,J1,N,OneJet
20224,"0G",GA0,Global Airlines
20264,UK,VTI,Air Vistara
20268,"1E",RGG,TransRussiaAirlines
20270,D2,N,Severstal Air Company
20282,RR,RXR,REXAIR VIRTUEL
20285,WR,WEN,WestJet Encore
20286,OP,PPL,Air Pegasus
20288,"9I",INE,International Europe
20401,ZV,VAX,V Air
20565,"4B",BTQ,Boutique Air (Priv)
20577,V7,VOE,VOLOTEA Airways
20599,Z5,IIR,INAVIA Internacional
20607,LE,LTY,Liberty Airways
20608,АЯ,N,Аэросервис
20657,"5B",BSX,Bassaka airlines
20686,Q7,N,SkyBahamas Airlines
20695,UW,N,UVT Aero
20710,"3M",N,Silver Airways (3M)
20752,I3,N,ATA Airlines (Iran)
20769,V1,VIA,VIA Líneas Aéreas
20802,GX,GXG,GermanXL
20827,FF,FRF,Fly France
20881,EX,EU9,Europe Jet
20976,W3,WSS,World Scale Airlines
20978,AG,SSA,All America US
20995,"1K",BG1,BudgetAir
21012,F5,FI5,Fly One
21021,EE,N,Nordica
21131,"0P",PYB,All America BOPY
21268,JG,N,Jetgo Australia
21270,"2S",N,Air Carnival
21317,"7R",SJM,Svyaz Rossiya
